	gene	sum159_dmso1.trimmed	sum159_dmso2.trimmed	sum159_jq1.trimmed	sum159_jq2.trimmed	symbol
1	ENSG00000001167	153.967261066565	133.661675661334	310.190095961241	269	NFYA
2	ENSG00000001630	442.162390755263	485.353035025553	277.37134860698	253	CYP51A1
3	ENSG00000002834	1375.83565337687	1343.25244263908	1916.19137778104	1881	LASP1
4	ENSG00000006534	201.3418029332	262.583575589996	521.923949859699	703	ALDH3B1
5	ENSG00000006607	132.25392937769	145.037137419745	250.904616869673	339	FARP2
6	ENSG00000006634	263.520889133159	250.260158685051	121.746965991613	93	DBF4
7	ENSG00000007202	1012.63083239933	859.795317906594	2050.64237500656	1612	KIAA0100
8	ENSG00000008517	542.833292221863	437.955277698839	182.091114352674	172	IL32
9	ENSG00000009694	266.481797999824	168.736016083102	854.346100480278	688	TENM1
10	ENSG00000010219	129.293020511026	127.025989635594	49.7574556661376	41	DYRK4
11	ENSG00000010404	570.468441644067	563.085357041364	933.746295692199	912	IDS
12	ENSG00000011028	403.670575488622	514.739644568115	1119.01341785335	831	MRC2
13	ENSG00000011465	791.549637021699	697.694987849232	181.032445083181	118	DCN
14	ENSG00000011523	112.514536933259	109.014841851442	279.488687145964	256	CEP68
15	ENSG00000012232	0.98696962222157	1.89591029306857	74.1068488644603	145	EXTL3
16	ENSG00000013441	245.755435933171	304.293602037505	580.150759681775	566	CLK1
17	ENSG00000015532	123.371202777696	129.869855075197	501.809233739345	526	XYLT2
18	ENSG00000023191	19.7393924444314	65.4089051108655	0	0	RNH1
19	ENSG00000023330	310.895430999794	318.512929235519	727.305788141203	650	ALAS1
20	ENSG00000024422	625.738740488475	606.691293781941	1736.21760196735	1253	EHD2
21	ENSG00000024526	684.956917821769	511.895779128513	237.141916366273	111	DEPDC1
22	ENSG00000029993	1254.43838984361	1229.49782505496	490.16387177493	413	HMGB3
23	ENSG00000033627	151.0063521999	198.122625625665	364.182228705348	577	ATP6V0A1
24	ENSG00000034510	3672.51396428646	3658.1589104758	5105.96188676131	5565	TMSB10
25	ENSG00000034693	79.9445393999471	50.241622766317	205.381838281504	188	PEX3
26	ENSG00000035141	200.354833310979	213.289907970214	82.5762030203986	75	FAM136A
27	ENSG00000035499	310.895430999794	275.854947641476	152.44837480689	155	DEPDC1B
28	ENSG00000039123	1237.65990626585	1056.02203323919	663.785631971665	636	MTREX
29	ENSG00000040933	86.8533267554981	104.275066118771	215.968530976427	215	INPP4A
30	ENSG00000041982	990.917500710456	722.341821659123	457.345124420669	452	TNC
31	ENSG00000042445	379.983304555304	279.646768227613	576.974751873298	759	RETSAT
32	ENSG00000044090	209.237559910973	201.914446211802	0	0	CUL7
33	ENSG00000047230	242.794527066506	235.092876340502	71.9895103254757	59	CTPS2
34	ENSG00000047457	54.2833292221863	96.6914249464968	19.0560468508612	9	CP
35	ENSG00000047936	527.041778266318	530.854882059198	294.310056918856	246	ROS1
36	ENSG00000049130	186.537258599877	192.434894746459	421.350369257931	405	KITLG
37	ENSG00000049246	54.2833292221863	40.7620713009741	6.35201561695374	8	PER3
38	ENSG00000049249	77.970600155504	242.676517512776	15.8800390423843	16	TNFRSF9
39	ENSG00000049449	2394.38830350953	2250.44551787239	1692.81216191817	1627	RCN1
40	ENSG00000052802	515.198142799659	553.605805576021	258.315301756119	271	MSMO1
41	ENSG00000054654	847.806905488328	872.11873481154	201.147161203535	248	SYNE2
42	ENSG00000055955	254.638162533165	129.869855075197	67.7548332475065	62	ITIH4
43	ENSG00000056972	298.064825910914	388.661610079056	132.333658686536	144	TRAF3IP2
44	ENSG00000057019	247.729375177614	257.843799857325	1102.07470954147	601	DCBLD2
45	ENSG00000057149	605.012378421822	650.297230522518	7.41068488644603	8	SERPINB3
46	ENSG00000058091	37.5048456444196	47.3977573267141	464.755809307115	85	CDK14
47	ENSG00000061794	354.322094377543	449.33073945725	227.613892940842	193	MRPS35
48	ENSG00000063244	534.937535244091	602.899473195804	872.343478061646	1099	U2AF2
49	ENSG00000065911	1423.2101952435	1464.59070139547	827.87936874297	684	MTHFD2
50	ENSG00000065923	330.634823444226	269.219261615736	779.180582346325	751	SLC9A7
51	ENSG00000066739	72.0487824221746	139.34940654054	296.427395457841	268	ATG2B
52	ENSG00000067225	10937.5973534594	9914.66287760206	24062.4938262902	21121	PKM
53	ENSG00000069020	554.676927688522	330.836346140465	118.570958183136	99	MAST4
54	ENSG00000069974	322.739066466453	278.698813081079	152.44837480689	108	RAB27A
55	ENSG00000070669	648.439041799571	521.375330593855	299.603403266318	209	ASNS
56	ENSG00000070961	345.439367777549	250.260158685051	642.61224658182	501	ATP2B1
57	ENSG00000071539	403.670575488622	514.739644568115	247.728609061196	216	TRIP13
58	ENSG00000071575	315.830279110902	291.970185132559	152.44837480689	123	TRIB2
59	ENSG00000071626	555.663897310744	689.163391530423	374.76892140027	356	DAZAP1
60	ENSG00000071859	330.634823444226	304.293602037505	599.206806532636	547	FAM50A
61	ENSG00000072210	198.380894066535	246.468338098913	602.382814341113	530	ALDH3A2
62	ENSG00000072310	695.813583666207	527.063061473061	1831.49783622166	1233	SREBF1
63	ENSG00000072571	815.236907955016	750.780476055152	336.656827698548	293	HMMR
64	ENSG00000072778	901.103265088293	875.910555397677	2089.81313797778	2272	ACADVL
65	ENSG00000073111	516.185112421881	568.77308792057	286.89937203241	327	MCM2
66	ENSG00000074356	119.42332428881	90.0557389207569	314.42477303921	320	NCBP3
67	ENSG00000074657	426.370876799718	350.743404217685	58.2268098220759	49	ZNF532
68	ENSG00000074695	2561.18616966497	2691.24466101083	1588.00390423843	1495	LMAN1
69	ENSG00000075089	281.286342333147	328.940435847396	136.568335764505	164	ACTR6
70	ENSG00000075151	380.970274177526	294.814050572162	723.071111063234	699	EIF4G3
71	ENSG00000075188	298.064825910914	291.970185132559	151.389705537397	124	NUP37
72	ENSG00000075399	16.7784835777667	17.0631926376171	189.50179923912	44	VPS9D1
73	ENSG00000075826	45.4006026221922	41.7100264475084	187.384460700135	117	SEC31B
74	ENSG00000076382	1098.49718953261	856.951452466991	554.74269721396	375	SPAG5
75	ENSG00000077152	288.195129688698	314.721108649382	139.744343572982	121	UBE2T
76	ENSG00000077235	347.413307021992	469.23779753447	949.626334734584	672	GTF3C1
77	ENSG00000077514	248.716344799836	190.538984453391	81.5175337509063	92	POLD3
78	ENSG00000079246	2226.60346773186	2246.65369728625	1498.01701633159	1107	XRCC5
79	ENSG00000079616	157.915139555451	221.821504289022	25.4080624678149	39	KIF22
80	ENSG00000081154	969.204169021581	1060.76180897186	501.809233739345	497	PCNP
81	ENSG00000081189	653.373889910679	291.970185132559	21.1733853898458	28	MEF2C
82	ENSG00000081237	45.4006026221922	24.6468338098913	1.05866926949229	2	PTPRC
83	ENSG00000082641	944.529928466042	996.300859007531	1942.65810951835	1586	NFE2L1
84	ENSG00000082781	401.696636244179	448.382784310716	828.938038012463	813	ITGB5
85	ENSG00000083857	466.836631310802	572.564908506707	1025.85052213803	1199	FAT1
86	ENSG00000085662	5035.51901257445	5055.44479646733	9380.86839697118	9087	AKR1B1
87	ENSG00000086300	268.455737244267	310.929288063245	125.981643069582	143	SNX10
88	ENSG00000086758	2576.97768362052	2444.77632291192	4039.88193238258	3809	HUWE1
89	ENSG00000087086	10277.3146761932	9591.41017263387	20839.9045699557	20831	FTL
90	ENSG00000087586	623.764801244032	598.159697463132	243.493931983227	231	AURKA
91	ENSG00000087842	439.201481888598	443.643008578044	203.26449974252	193	PIR
92	ENSG00000088325	1271.21687342138	1204.85099124507	671.196316858111	568	TPX2
93	ENSG00000089057	167.784835777667	176.319657255377	417.115692179962	371	SLC23A2
94	ENSG00000089154	1881.16409995431	1782.15567548445	961.271696698999	810	GCN1
95	ENSG00000089159	780.692971177261	654.089051108655	1116.89607931437	1178	PXN
96	ENSG00000089902	192.459076333206	158.308509471225	407.587668754531	389	RCOR1
97	ENSG00000090020	167.784835777667	154.516688885088	296.427395457841	324	SLC9A1
98	ENSG00000090339	254.638162533165	299.553826304833	85.7522108288754	93	ICAM1
99	ENSG00000090470	216.146347266524	287.230409399888	82.5762030203986	73	PDCD7
100	ENSG00000090861	1004.73507542156	861.691228199663	612.969507036036	522	AARS
101	ENSG00000090863	991.904470332677	963.122428878831	1550.9504798062	1546	GLG1
102	ENSG00000091436	1118.23658197704	1088.25250822136	572.740074795329	503	MAP3K20
103	ENSG00000091490	742.20115591062	792.49050250266	421.350369257931	316	SEL1L3
104	ENSG00000092148	277.338463844261	190.538984453391	536.745319632591	731	HECTD1
105	ENSG00000092621	649.426011421793	646.505409936381	272.078002259518	260	PHGDH
106	ENSG00000092820	1023.48749824377	923.308312724391	1526.60108660788	1567	EZR
107	ENSG00000094963	57.244238088851	63.5129948177969	9.52802342543061	6	FMO2
108	ENSG00000095303	515.198142799659	525.167151179993	930.570287883722	933	PTGS1
109	ENSG00000095319	354.322094377543	332.732256433533	598.148137263144	551	NUP188
110	ENSG00000095485	177.654531999883	163.996240350431	77.2828566729371	69	CWF19L1
111	ENSG00000096746	937.621141110491	967.862204611503	567.446728447867	560	HNRNPH3
112	ENSG00000099622	342.478458910885	418.996174768153	605.55882214959	692	CIRBP
113	ENSG00000099840	0.98696962222157	1.89591029306857	33.8774166237533	50	IZUMO4
114	ENSG00000099849	0	0	32.818747354261	68	RASSF7
115	ENSG00000099875	515.198142799659	815.241426019483	1078.78398561264	1606	MKNK2
116	ENSG00000099998	164.823926911002	110.910752144511	50.8161249356299	40	GGT5
117	ENSG00000100075	227.989982733183	316.61701894245	504.985241547822	652	SLC25A1
118	ENSG00000100097	3684.35759975312	3514.06972820259	6094.75898446711	4734	LGALS1
119	ENSG00000100196	260.559980266494	350.743404217685	73.048179594968	80	KDELR3
120	ENSG00000100219	557.637836555187	565.929222480967	226.55522367135	227	XBP1
121	ENSG00000100234	546.78117071075	591.524011437392	911.514241032861	850	TIMP3
122	ENSG00000100342	395.774818510849	291.970185132559	79.4001952119217	86	APOL1
123	ENSG00000100526	292.143008177585	294.814050572162	136.568335764505	123	CDKN3
124	ENSG00000100867	3.94787848888628	5.6877308792057	98.4562420627829	96	DHRS2
125	ENSG00000100897	80.9315090221687	75.8364117227426	0	0	DCAF11
126	ENSG00000100994	1116.2626427326	1080.66886704908	2584.21168683068	2878	PYGB
127	ENSG00000101224	1646.26532986558	1454.16319478359	2699.60663720534	2702	CDC25B
128	ENSG00000101255	209.237559910973	274.906992494942	94.2215649848138	112	TRIB3
129	ENSG00000101290	163.836957288781	168.736016083102	379.00359847824	330	CDS2
130	ENSG00000101558	1242.59475437696	1360.3156352767	758.007196956479	742	VAPA
131	ENSG00000101574	161.863018044337	176.319657255377	21.1733853898458	20	METTL4
132	ENSG00000101654	414.527241333059	394.349340958262	231.848570018811	172	RNMT
133	ENSG00000102174	95.7360533554922	88.1598286276883	8.46935415593832	9	PHEX
134	ENSG00000102226	403.670575488622	359.275000536493	819.410014587032	685	USP11
135	ENSG00000102265	7378.58489572845	7082.17289975763	11030.2751188402	12594	TIMP1
136	ENSG00000102804	1074.80991859929	1077.82500160948	2370.36049439324	1951	TSC22D1
137	ENSG00000102908	88.8272659999413	81.5241426019483	236.083247096781	221	NFAT5
138	ENSG00000103145	151.993321822122	168.736016083102	297.486064727333	361	HCFC1R1
139	ENSG00000103187	767.862366088381	653.141095962121	1171.94688132796	1277	COTL1
140	ENSG00000103257	694.826614043985	680.631795211615	351.47819747144	375	SLC7A5
141	ENSG00000103381	60.2051469555157	66.3568602573998	165.152406040797	292	CPPED1
142	ENSG00000103549	348.400276644214	321.356794675122	562.153382100406	648	RNF40
143	ENSG00000103657	190.485137088763	346.951583631547	512.395926434268	694	HERC1
144	ENSG00000103995	175.680592755439	212.341952823679	88.9282186373523	77	CEP152
145	ENSG00000104290	49.3484811110785	118.494393316785	345.126181854486	647	FZD3
146	ENSG00000104613	1411.36655977684	343.15976304541	254.080624678149	188	INTS10
147	ENSG00000104635	722.461763466189	668.308378306669	357.830213088394	274	SLC39A14
148	ENSG00000104774	103.631810333265	169.683971229637	326.070135003625	299	MAN2B1
149	ENSG00000105135	228.976952355404	238.884696926639	102.690919140752	118	ILVBL
150	ENSG00000105220	2239.43407282074	1964.16306361903	3233.17594902945	3163	GPI
151	ENSG00000105429	112.514536933259	136.505541100937	242.435262713734	286	MEGF8
152	ENSG00000105483	111.527567311037	118.494393316785	23.2907239288304	44	CARD8
153	ENSG00000105497	178.641501622104	125.130079342525	35.9947551627378	30	ZNF175
154	ENSG00000105618	78.9575697777256	71.0966359900712	160.917728962828	202	PRPF31
155	ENSG00000105619	23.6872709333177	41.7100264475084	0	0	TFPT
156	ENSG00000105854	428.344816044161	354.535224803822	206.440507550996	178	PON2
157	ENSG00000105974	3074.41037322019	3078.95831594335	2284.60828356436	1979	CAV1
158	ENSG00000106003	12.8306050888804	16.1152374910828	96.3389035237983	132	LFNG
159	ENSG00000106236	1968.01742670981	1973.64261508438	2675.25724400702	2997	NPTX2
160	ENSG00000106351	89.8142356221628	93.847559506894	383.238275556209	421	AGFG2
161	ENSG00000106355	277.338463844261	323.25270496819	155.624382615367	143	LSM5
162	ENSG00000106366	4084.08029675285	3828.79083685197	5795.15558120079	5800	SERPINE1
163	ENSG00000106546	302.0127043998	405.724802716673	806.705983353125	712	AHR
164	ENSG00000106682	706.670249510644	731.821373124466	363.123559435855	392	EIF4H
165	ENSG00000106976	54.2833292221863	56.877308792057	761.183204764956	95	DNM1
166	ENSG00000107159	574.416320132954	451.226649750319	275.254010067995	168	CA9
167	ENSG00000107738	100.6709014666	94.7955146534283	297.486064727333	422	VSIR
168	ENSG00000107984	99.6839318443785	103.327110972237	323.952796464641	325	DKK1
169	ENSG00000108828	938.608110732713	939.423550215474	1816.67646644877	1724	VAT1
170	ENSG00000109046	421.43602868861	435.111412259236	816.234006778555	871	WSB1
171	ENSG00000109689	77.970600155504	68.2527705504683	218.085869515412	228	STIM2
172	ENSG00000110619	661.269646888452	547.918074696815	333.480819890071	343	CARS
173	ENSG00000110697	138.17574711102	151.672823445485	284.782033493426	303	PITPNM1
174	ENSG00000110917	1117.24961235482	1052.23021265305	1526.60108660788	1583	MLEC
175	ENSG00000111196	201.3418029332	132.7137205148	30.7014088152764	46	MAGOHB
176	ENSG00000111247	184.563319355433	193.382849892994	65.6374947085219	61	RAD51AP1
177	ENSG00000111335	33.5569671555334	59.7211742316598	0	3	OAS2
178	ENSG00000111581	446.110269244149	567.825132774035	230.789900749319	230	NUP107
179	ENSG00000111640	27286.7491455597	24801.3504987764	52302.4965899971	51807	GAPDH
180	ENSG00000111674	190.485137088763	158.308509471225	366.299567244332	323	ENO2
181	ENSG00000111801	304.973613266465	281.542678520682	95.2802342543061	121	BTN3A3
182	ENSG00000111912	456.966935088587	570.668998213638	257.256632486626	303	NCOA7
183	ENSG00000112096	3468.2112524866	3695.12916119063	1992.41556518449	2574	SOD2
184	ENSG00000112308	552.702988444079	570.668998213638	886.106178565046	862	C6orf62
185	ENSG00000112697	506.315416199665	495.78054163743	1260.87509996532	759	TMEM30A
186	ENSG00000112742	445.123299621928	474.925528413676	204.323169012012	203	TTK
187	ENSG00000112972	751.083882510614	618.066755540352	230.789900749319	342	HMGCS1
188	ENSG00000112984	1421.23625599906	1277.84353752821	644.729585120804	468	KIF20A
189	ENSG00000113356	92.7751444888275	92.8996043603597	31.7600780847687	20	POLR3G
190	ENSG00000113368	531.976626377426	462.60211150873	242.435262713734	267	LMNB1
191	ENSG00000113369	447.097238866371	450.278694603784	789.767275041248	803	ARRDC3
192	ENSG00000113407	1935.4474291765	1702.52744317557	1098.898701733	1083	TARS
193	ENSG00000113460	376.035426066418	391.505475518659	151.389705537397	136	BRIX1
194	ENSG00000113621	418.475119821945	255.947889564256	125.981643069582	126	TXNDC15
195	ENSG00000113638	252.664223288722	238.884696926639	113.277611835675	113	TTC33
196	ENSG00000113649	439.201481888598	511.895779128513	269.960663720534	254	TCERG1
197	ENSG00000113657	51.3224203555216	33.1784301286999	175.73909873572	111	DPYSL3
198	ENSG00000113721	828.067513043897	582.992415118584	279.488687145964	307	PDGFRB
199	ENSG00000114107	370.113608333089	293.866095425628	92.1042264458292	74	CEP70
200	ENSG00000114331	309.908461377573	195.278760186062	669.078978319127	535	ACAP2
201	ENSG00000114346	967.230229777138	796.282323088797	329.246142812102	379	ECT2
202	ENSG00000114353	1030.39628559932	979.237666369914	1522.36640952991	1581	GNAI2
203	ENSG00000114686	656.334798777344	799.1261885284	365.24089797484	373	MRPL3
204	ENSG00000114850	1091.58840217706	1140.39004128074	665.90297051065	570	SSR3
205	ENSG00000115107	574.416320132954	616.170845247284	310.190095961241	344	STEAP3
206	ENSG00000115109	35.5309063999765	43.605936740577	124.92297380009	118	EPB41L5
207	ENSG00000115129	41.4527241333059	29.3866095425628	142.920351381459	139	TP53I3
208	ENSG00000115419	435.253603399712	507.156003395841	1244.99506092293	973	GLS
209	ENSG00000115541	994.865379199342	1019.99973767089	628.84954607842	571	HSPE1
210	ENSG00000115594	704.696310266201	639.869723910641	347.243520393471	407	IL1R1
211	ENSG00000115602	53.2963595999648	91.9516492138254	6.35201561695374	15	IL1RL1
212	ENSG00000115652	191.472106710984	194.330805039528	362.064890166363	342	UXS1
213	ENSG00000115758	758.979639488387	703.382718728438	2325.89638507456	2109	ODC1
214	ENSG00000115919	915.907809421617	874.962600251143	224.437885132365	178	KYNU
215	ENSG00000116044	1045.20082993264	1055.07407809266	615.08684557502	672	NFE2L2
216	ENSG00000116132	108.566658444373	74.8884565762083	20.1147161203535	26	PRRX1
217	ENSG00000116191	222.068164999853	330.836346140465	628.84954607842	570	RALGPS2
218	ENSG00000116350	239.833618199841	232.249010900899	926.335610805753	680	SRSF4
219	ENSG00000117228	397.748757755293	262.583575589996	102.690919140752	103	GBP1
220	ENSG00000117450	2647.05252679825	2578.43799857325	4377.59742935062	3727	PRDX1
221	ENSG00000117461	127.319081266582	102.379155825703	893.516863451492	614	PIK3R3
222	ENSG00000117525	212.198468777637	216.133773409816	520.865280590206	452	F3
223	ENSG00000117528	289.18209931092	285.334499106819	520.865280590206	525	ABCD3
224	ENSG00000117594	128.306050888804	127.025989635594	39.1707629712147	51	HSD11B1
225	ENSG00000117616	293.129977799806	347.899538778082	534.627981093606	563	RSRP1
226	ENSG00000117632	1828.85470997657	1558.43826090236	931.628957153215	832	STMN1
227	ENSG00000117650	317.804218355345	322.304749821656	152.44837480689	127	NEK2
228	ENSG00000117724	1337.34383811023	1977.43443567051	937.980972770168	579	CENPF
229	ENSG00000117862	497.432689599671	516.635554861184	289.016710571395	311	TXNDC12
230	ENSG00000117984	1875.24228222098	2025.78014814376	2854.17235055121	3283	CTSD
231	ENSG00000118762	62.1790861999589	106.17097641184	236.083247096781	201	PKD2
232	ENSG00000119403	376.035426066418	271.115171908805	114.336281105167	109	PHF19
233	ENSG00000119673	148.045443333235	83.4200528950169	28.5840702762918	26	ACOT2
234	ENSG00000119686	118.436354666588	144.089182273211	436.171739030823	294	FLVCR2
235	ENSG00000120129	215.159377644302	226.561280021694	416.05702291047	435	DUSP1
236	ENSG00000120256	368.139669088645	364.962731415699	700.839056403896	599	LRP11
237	ENSG00000120526	202.328772555422	213.289907970214	98.4562420627829	97	NUDCD1
238	ENSG00000120696	148.045443333235	154.516688885088	56.1094712830913	64	KBTBD7
239	ENSG00000120699	304.973613266465	395.297296104796	185.267122161151	122	EXOSC8
240	ENSG00000120820	142.123625599906	140.297361687074	46.5814478576607	61	GLT8D2
241	ENSG00000120885	448.084208488593	397.193206397864	1348.74464933318	1276	CLU
242	ENSG00000120896	512.237233932995	138.401451394005	60.3441483610605	73	SORBS3
243	ENSG00000121211	142.123625599906	120.390303609854	40.229432240707	42	MND1
244	ENSG00000121350	204.302711799865	178.215567548445	69.8721717864911	65	PYROXD1
245	ENSG00000121691	469.797540177467	470.185752681004	915.74891811083	753	CAT
246	ENSG00000121716	175.680592755439	152.620778592019	368.416905783317	415	PILRB
247	ENSG00000121940	37.5048456444196	88.1598286276883	0	0	CLCC1
248	ENSG00000122026	5827.06864959615	5663.0840453958	3397.26968580076	2930	RPL21
249	ENSG00000122359	314.843309488681	459.758246069127	723.071111063234	1078	ANXA11
250	ENSG00000122420	327.673914577561	293.866095425628	121.746965991613	121	PTGFR
251	ENSG00000122515	160.876048422116	184.851253574185	387.472952634178	382	ZMIZ2
252	ENSG00000122862	900.116295466071	905.29716494024	390.648960442655	337	SRGN
253	ENSG00000122884	1017.56568051044	1078.77295675601	1568.94785738757	1467	P4HA1
254	ENSG00000122966	947.490837332707	438.903232845373	299.603403266318	161	CIT
255	ENSG00000123268	135.214838244355	177.267612401911	51.8747942051222	62	ATF1
256	ENSG00000123384	864.585389066095	746.988655469015	1315.92590197892	1259	LRP1
257	ENSG00000123405	97.7099925999354	89.1077837742226	8.46935415593832	10	NFE2
258	ENSG00000123416	8672.50207046093	7248.06505040112	5685.05397717359	5282	TUBA1B
259	ENSG00000123485	455.979965466365	372.546372587973	161.97639823232	168	HJURP
260	ENSG00000123933	281.286342333147	364.014776269165	766.476551112417	1259	MXD4
261	ENSG00000123983	706.670249510644	763.103892960097	1538.2464485723	1242	ACSL3
262	ENSG00000124151	1958.14773048759	1145.12981701341	431.937061952854	371	NCOA3
263	ENSG00000124406	22.7003013110961	19.9070580772199	113.277611835675	323	ATP8A1
264	ENSG00000124574	43.4266633777491	46.4498021801798	134.450997225521	216	ABCC10
265	ENSG00000124762	162.849987666559	152.620778592019	439.3477468393	613	CDKN1A
266	ENSG00000124782	78.9575697777256	683.475660651218	63.5201561695374	57	RREB1
267	ENSG00000124783	1398.53595468796	1461.74683595586	1006.79447528717	915	SSR1
268	ENSG00000124942	4730.54539930798	4432.63826519431	10181.2223647073	8855	AHNAK
269	ENSG00000125633	156.92816993323	101.431200679168	394.883637520624	471	CCDC93
270	ENSG00000125676	894.194477732742	795.334367942263	1675.87345360629	1230	THOC2
271	ENSG00000125977	844.845996621664	975.445845783777	491.222541044422	586	EIF2S2
272	ENSG00000126214	225.029073866518	250.260158685051	500.750564469853	436	KLC1
273	ENSG00000126603	3.94787848888628	0	19.0560468508612	71	GLIS2
274	ENSG00000126787	668.178434244003	660.724737134395	327.128804273117	287	DLGAP5
275	ENSG00000127324	106.59271919993	106.17097641184	34.9360858932456	25	TSPAN8
276	ENSG00000127419	17.7654531999883	31.2825198356313	91.0455571763369	98	TMEM175
277	ENSG00000127481	1017.56568051044	734.665238564069	1434.49686016205	1717	UBR4
278	ENSG00000127947	323.726036088675	249.312203538516	531.451973285129	522	PTPN12
279	ENSG00000127948	667.191464621781	642.713589350244	950.685004004076	1015	POR
280	ENSG00000127995	44.4136329999706	44.5538918871113	111.16027329669	138	CASD1
281	ENSG00000128050	2155.54165493191	2177.45297158925	1421.79282892814	1289	PAICS
282	ENSG00000128159	149.032412955457	159.256464617759	277.37134860698	328	TUBGCP6
283	ENSG00000128311	71.061812799953	79.6282323088797	171.504421657751	200	TST
284	ENSG00000128422	62.1790861999589	69.2007256970026	9.52802342543061	11	KRT17
285	ENSG00000128487	70.0748431777314	54.0334433524541	7.41068488644603	14	SPECC1
286	ENSG00000128513	137.188777488798	43.605936740577	13.7627005033998	13	POT1
287	ENSG00000128534	360.243912110873	339.367942459273	109.042934757706	136	LSM8
288	ENSG00000128928	190.485137088763	197.174670479131	323.952796464641	730	IVD
289	ENSG00000129128	768.849335710603	748.884565762083	273.136671529011	442	SPCS3
290	ENSG00000130066	313.856339866459	291.970185132559	551.566689405483	487	SAT1
291	ENSG00000130449	116.462415422145	129.869855075197	289.016710571395	285	ZSWIM6
292	ENSG00000130726	1036.31810333265	1022.84360311049	1484.25431582819	1436	TRIM28
293	ENSG00000130827	545.794201088528	326.096570407793	1293.69384731958	795	PLXNA3
294	ENSG00000131238	1137.97597442147	1260.7803448906	629.908215347912	580	PPT1
295	ENSG00000131386	219.107256133188	205.706266797939	59.2854790915682	45	GALNT15
296	ENSG00000131459	779.70600155504	715.706135633383	1104.19204808046	1224	GFPT2
297	ENSG00000131584	186.537258599877	107.118931558374	459.462462959654	586	ACAP3
298	ENSG00000131724	1302.79990133247	1038.95884060157	752.713850609018	591	IL13RA1
299	ENSG00000131746	111.527567311037	176.319657255377	11.6453619644152	18	TNS4
300	ENSG00000131747	5393.78898544088	4851.63443996246	2173.44801026767	1919	TOP2A
301	ENSG00000132274	85.8663571332766	66.3568602573998	8.46935415593832	20	TRIM22
302	ENSG00000132359	104.618779955486	48.3457124732484	16.9387083118766	13	RAP1GAP2
303	ENSG00000132386	120.410293911031	78.6802771623455	23.2907239288304	26	SERPINF1
304	ENSG00000132549	50.3354507333	53.0854882059198	196.912484125566	206	VPS13B
305	ENSG00000132849	150.019382577679	70.1486808435369	17.9973775813689	22	PATJ
306	ENSG00000133030	1045.20082993264	771.635489278906	1494.84100852311	1505	MPRIP
307	ENSG00000133048	140.149686355463	138.401451394005	49.7574556661376	42	CHI3L1
308	ENSG00000133103	566.520563155181	394.349340958262	236.083247096781	203	COG6
309	ENSG00000133119	488.549962999677	504.312137956238	258.315301756119	199	RFC3
310	ENSG00000134057	2147.64589795414	1834.29320854384	886.106178565046	756	CCNB1
311	ENSG00000134107	456.966935088587	415.204354182016	200.088491934043	204	BHLHE40
312	ENSG00000134242	42.4396937555275	45.5018470336456	3.17600780847687	6	PTPN22
313	ENSG00000134247	666.204494999559	689.163391530423	312.307434500225	310	PTGFRN
314	ENSG00000134440	1229.76414928808	1206.74690153814	810.940660431094	623	NARS
315	ENSG00000134470	91.788174866606	85.3159631880854	21.1733853898458	26	IL15RA
316	ENSG00000134590	496.445719977449	473.029618120607	762.241874034448	769	RTL8C
317	ENSG00000134684	883.337811888305	689.163391530423	459.462462959654	447	YARS
318	ENSG00000134690	277.338463844261	233.196966047434	129.157650878059	113	CDCA8
319	ENSG00000134769	215.159377644302	234.144921193968	39.1707629712147	33	DTNA
320	ENSG00000134853	1490.32412955457	1550.85461973009	560.036043561421	514	PDGFRA
321	ENSG00000134884	351.361185510879	320.408839528588	586.502775298728	552	ARGLU1
322	ENSG00000134955	47.3745418666353	70.1486808435369	178.915106544197	202	SLC37A2
323	ENSG00000135069	520.132990910767	513.791689421581	194.795145586581	176	PSAT1
324	ENSG00000135414	69.0878735555099	105.223021265305	207.499176820489	210	GDF11
325	ENSG00000135480	1107.3799161326	1346.09630807868	2227.44014301178	3228	KRT7
326	ENSG00000135506	811.28902946613	686.319526090821	1164.53619644152	1217	OS9
327	ENSG00000135596	101.657871088822	93.847559506894	202.205830473027	305	MICAL1
328	ENSG00000135821	2497.03314422057	2252.34142816546	1090.42934757706	881	GLUL
329	ENSG00000136026	618.829953132924	613.326979807681	209.616515359473	206	CKAP4
330	ENSG00000136098	8.88272659999413	12.3234169049457	10.5866926949229	377	NEK3
331	ENSG00000136153	130.279990133247	185.799208720719	50.8161249356299	35	LMO7
332	ENSG00000136244	59.2181773332942	54.0334433524541	5.29334634746145	11	IL6
333	ENSG00000136261	1625.53896779893	1552.75053002315	1137.01079543472	1024	BZW2
334	ENSG00000136378	25.6612101777608	32.2304749821656	99.5149113322752	158	ADAMTS7
335	ENSG00000136478	216.146347266524	207.602177091008	441.465085378285	428	TEX2
336	ENSG00000136521	410.579362844173	479.665304146347	253.021955408657	254	NDUFB5
337	ENSG00000136542	548.755109955193	493.884631344361	182.091114352674	163	GALNT5
338	ENSG00000136628	2378.59678955398	1758.45679682109	1260.87509996532	1272	EPRS
339	ENSG00000136732	141.136655977684	143.141227126677	31.7600780847687	40	GYPC
340	ENSG00000136824	650.412981044014	519.479420300787	336.656827698548	236	SMC2
341	ENSG00000136938	1091.58840217706	1120.48298320352	480.635848349499	423	ANP32B
342	ENSG00000136960	1854.51592015433	1925.29690261113	1163.47752717203	1022	ENPP2
343	ENSG00000137135	145.084534466571	163.048285203897	52.9334634746145	54	ARHGEF39
344	ENSG00000137168	196.406954822092	186.747163867254	92.1042264458292	71	PPIL1
345	ENSG00000137404	132.25392937769	49.2936676197827	0	0	NRM
346	ENSG00000137449	27.6351494222039	34.1263852752342	145.037689920444	91	CPEB2
347	ENSG00000137504	440.18845151082	433.215501966167	733.657803758157	715	CREBZF
348	ENSG00000137547	252.664223288722	199.070580772199	97.3975727932906	82	MRPL15
349	ENSG00000137700	249.703314422057	216.133773409816	102.690919140752	105	SLC37A4
350	ENSG00000137752	810.302059843909	888.233972302623	83.6348722898909	203	CASP1
351	ENSG00000137801	1390.64019771019	1766.04043799337	778.121913076833	818	THBS1
352	ENSG00000137802	106.59271919993	99.5352903860997	337.71549696804	193	MAPKBP1
353	ENSG00000137857	0	0.947955146534283	163.035067501813	1	DUOX1
354	ENSG00000137959	145.084534466571	126.07803448906	13.7627005033998	16	IFI44L
355	ENSG00000137960	29.6090886666471	28.4386543960285	0	0	GIPC2
356	ENSG00000137965	315.830279110902	328.940435847396	139.744343572982	89	IFI44
357	ENSG00000138180	445.123299621928	490.092810758224	233.965908557796	226	CEP55
358	ENSG00000138326	6835.75160350659	6941.87553807055	5244.6475610648	4484	RPS24
359	ENSG00000138356	201.3418029332	202.862401358336	30.7014088152764	34	AOX1
360	ENSG00000138398	410.579362844173	334.628166726602	168.328413849274	142	PPIG
361	ENSG00000138434	670.152373488446	608.587204075009	1090.42934757706	1734	ITPRID2
362	ENSG00000138593	197.393924444314	143.141227126677	351.47819747144	354	SECISBP2L
363	ENSG00000138604	281.286342333147	269.219261615736	479.577179080007	484	GLCE
364	ENSG00000138757	472.758449044132	532.750792352267	804.58864481414	1049	G3BP2
365	ENSG00000138778	718.513884977303	728.029552538329	393.824968251132	402	CENPE
366	ENSG00000138821	240.820587822063	219.925593995954	43.4054400491839	75	SLC39A8
367	ENSG00000138834	247.729375177614	234.144921193968	689.19369443948	471	MAPK8IP3
368	ENSG00000138944	118.436354666588	121.338258756388	16.9387083118766	12	SHISAL1
369	ENSG00000139278	449.071178110814	528.95897176613	168.328413849274	114	GLIPR1
370	ENSG00000139318	48.3615114888569	44.5538918871113	177.856437274705	177	DUSP6
371	ENSG00000139514	892.220538488299	656.932916548258	304.896749613779	313	SLC7A1
372	ENSG00000139597	74.0227216666177	55.9293536455227	14.8213697728921	11	N4BP2L1
373	ENSG00000139631	20.726362066653	14.2193271980142	65.6374947085219	83	CSAD
374	ENSG00000139641	721.474793843967	663.568602573998	1556.24382615367	1459	ESYT1
375	ENSG00000139684	1333.39595962134	1277.84353752821	858.580777558247	762	ESD
376	ENSG00000139842	947.490837332707	881.598286276883	434.054400491839	530	CUL4A
377	ENSG00000140400	182.58938011099	163.048285203897	401.235653137578	342	MAN2C1
378	ENSG00000140450	227.989982733183	216.133773409816	876.578155139616	779	ARRDC4
379	ENSG00000140465	50.3354507333	45.5018470336456	150.331036267905	191	CYP1A1
380	ENSG00000140545	111.527567311037	218.977638849419	476.40117127153	467	MFGE8
381	ENSG00000140694	170.745744644332	134.609630807868	0	0	PARN
382	ENSG00000141232	94.7490837332707	124.182124195991	210.675184628966	287	TOB1
383	ENSG00000141469	490.52390224412	347.899538778082	143.979020650951	179	SLC14A1
384	ENSG00000141741	122.384233155475	118.494393316785	242.435262713734	254	MIEN1
385	ENSG00000142089	1527.82897519899	1627.63898659936	1041.73056118041	1020	IFITM3
386	ENSG00000142178	94.7490837332707	5.6877308792057	0	0	SIK1
387	ENSG00000142459	78.9575697777256	51.1895779128513	368.416905783317	166	EVI5L
388	ENSG00000142669	582.312077110726	645.557454789846	1273.57913119922	1296	SH3BGRL3
389	ENSG00000142798	391.826940021963	327.044525554327	583.326767490251	612	HSPG2
390	ENSG00000142945	658.308738021787	578.252639385912	329.246142812102	208	KIF2C
391	ENSG00000143222	321.752096844232	325.148615261259	150.331036267905	147	UFC1
392	ENSG00000143321	1748.91017057662	1465.538656542	894.575532720985	788	HDGF
393	ENSG00000143367	15.7915139555451	14.2193271980142	50.8161249356299	118	TUFT1
394	ENSG00000143401	867.54629793276	646.505409936381	278.430017876472	316	ANP32E
395	ENSG00000143416	255.625132155387	265.427441029599	513.45459570376	449	SELENBP1
396	ENSG00000143420	588.233894844055	600.055607756201	891.399524912508	902	ENSA
397	ENSG00000143742	1244.5686936214	1274.05171694208	892.458194182	791	SRP9
398	ENSG00000143819	394.787848888628	364.962731415699	618.262853383497	686	EPHX1
399	ENSG00000143878	347.413307021992	485.353035025553	746.361834992064	1050	RHOB
400	ENSG00000143947	4686.13176630801	4576.72744746752	3381.38964675837	2806	RPS27A
401	ENSG00000144357	242.794527066506	232.249010900899	464.755809307115	454	UBR3
402	ENSG00000144741	37.5048456444196	10.4275066118771	0	0	SLC25A26
403	ENSG00000145358	114.488476177702	128.921899928662	41.2881015101993	43	DDIT4L
404	ENSG00000145386	586.259955599612	627.546307005695	276.312679337488	232	CCNA2
405	ENSG00000145536	402.6836058664	15.1672823445485	5.29334634746145	10	ADAMTS16
406	ENSG00000145545	94.7490837332707	138.401451394005	261.491309564595	337	SRD5A1
407	ENSG00000145569	93.7621141110491	82.4720977484826	19.0560468508612	16	OTULINL
408	ENSG00000145623	1662.05684382112	1660.81741672806	998.325121131229	812	OSMR
409	ENSG00000145908	147.058473711014	127.025989635594	50.8161249356299	29	ZNF300
410	ENSG00000147010	966.243260154917	1056.02203323919	601.32414507162	651	SH3KBP1
411	ENSG00000147905	221.081195377632	247.416293245448	88.9282186373523	92	ZCCHC7
412	ENSG00000148180	208.250590288751	166.840105790034	353.595536010425	401	GSN
413	ENSG00000148341	184.563319355433	190.538984453391	454.169116612192	513	SH3GLB2
414	ENSG00000148344	33.5569671555334	34.1263852752342	121.746965991613	112	PTGES
415	ENSG00000148773	2141.72408022081	1345.14835293215	881.871501487077	838	MKI67
416	ENSG00000149182	155.941200311008	131.765765368265	214.909861706935	806	ARFGAP2
417	ENSG00000149212	51.3224203555216	39.8141161544399	225.496554401858	218	SESN3
418	ENSG00000149257	1618.63018044337	1785.94749607059	861.756785366724	1046	SERPINH1
419	ENSG00000149260	33.5569671555334	48.3457124732484	154.565713345874	116	CAPN5
420	ENSG00000149311	77.970600155504	86.2639183346197	192.677807047597	176	ATM
421	ENSG00000149925	4189.68604633056	4038.28892423604	10720.0850228789	11013	ALDOA
422	ENSG00000150054	44.4136329999706	55.9293536455227	7.41068488644603	6	MPP7
423	ENSG00000150687	270.42967648871	267.323351322668	39.1707629712147	73	PRSS23
424	ENSG00000150753	3114.87612773127	2636.26326251184	2044.29035938961	1785	CCT5
425	ENSG00000150938	450.058147733036	453.122560043387	738.951150105618	950	CRIM1
426	ENSG00000150995	1427.15807373239	838.94030468284	173.621760196735	471	ITPR1
427	ENSG00000151012	292.143008177585	258.791755003859	134.450997225521	92	SLC7A11
428	ENSG00000151458	219.107256133188	237.936741780105	533.569311824114	421	ANKRD50
429	ENSG00000151502	240.820587822063	245.520382952379	499.691895200361	412	VPS26B
430	ENSG00000151881	138.17574711102	159.256464617759	47.640117127153	55	TMEM267
431	ENSG00000152102	351.361185510879	358.327045389959	585.444106029236	607	FAM168B
432	ENSG00000152465	178.641501622104	189.591029306857	407.587668754531	346	NMT2
433	ENSG00000152503	1.97393924444314	2.84386543960285	33.8774166237533	31	TRIM36
434	ENSG00000152661	563.559654288516	642.713589350244	372.651582861286	305	GJA1
435	ENSG00000152763	56.2572684666295	115.650527877182	3.17600780847687	5	WDR78
436	ENSG00000153006	334.582701933112	341.263852752342	107.984265488214	128	SREK1IP1
437	ENSG00000153094	18.7524228222098	5.6877308792057	82.5762030203986	95	BCL2L11
438	ENSG00000153147	445.123299621928	451.226649750319	995.149113322752	781	SMARCA5
439	ENSG00000153233	127.319081266582	126.07803448906	46.5814478576607	24	PTPRR
440	ENSG00000153914	616.856013888481	556.449671015624	997.266451861737	874	SREK1
441	ENSG00000154188	134.227868622133	140.297361687074	56.1094712830913	50	ANGPT1
442	ENSG00000154222	126.332111644361	96.6914249464968	240.31792417475	276	CC2D1B
443	ENSG00000154229	605.012378421822	586.784235704721	983.503751358337	873	PRKCA
444	ENSG00000154237	246.742405555392	259.739710150393	580.150759681775	475	LRRK1
445	ENSG00000154262	186.537258599877	161.152374910828	33.8774166237533	39	ABCA6
446	ENSG00000154380	745.162064777285	849.367811294717	1292.63517805009	1194	ENAH
447	ENSG00000154803	69.0878735555099	68.2527705504683	95.2802342543061	698	FLCN
448	ENSG00000154920	273.390585355375	202.862401358336	92.1042264458292	99	EME1
449	ENSG00000155366	601.064499932936	497.676451930498	950.685004004076	952	RHOC
450	ENSG00000155545	204.302711799865	269.219261615736	88.9282186373523	112	MIER3
451	ENSG00000155858	173.706653510996	191.486939599925	83.6348722898909	76	LSM11
452	ENSG00000155962	115.475445799924	109.962796997977	32.818747354261	38	CLIC2
453	ENSG00000156261	2439.78890613172	2519.66477948812	1803.97243521486	1613	CCT8
454	ENSG00000156482	3172.12036582012	3183.23338206212	2324.83771580507	2027	RPL30
455	ENSG00000156531	449.071178110814	372.546372587973	119.629627452629	154	PHF6
456	ENSG00000156804	427.35784642194	533.698747498801	182.091114352674	171	FBXO32
457	ENSG00000156970	562.572684666295	539.386478378007	312.307434500225	201	BUB1B
458	ENSG00000157456	634.621467088469	658.828826841326	268.901994451042	264	CCNB2
459	ENSG00000157557	163.836957288781	245.520382952379	77.2828566729371	59	ETS2
460	ENSG00000157600	467.823600933024	623.754486419558	289.016710571395	223	TMEM164
461	ENSG00000157978	96.7230229777138	92.8996043603597	404.411660946055	169	LDLRAP1
462	ENSG00000158089	204.302711799865	177.267612401911	61.4028176305528	56	GALNT14
463	ENSG00000158373	15.7915139555451	18.0111477841514	138.68567430349	150	HIST1H2BD
464	ENSG00000158402	124.358172399918	109.962796997977	39.1707629712147	36	CDC25C
465	ENSG00000158793	100.6709014666	81.5241426019483	471.107824924069	378	NIT1
466	ENSG00000158828	474.732388288575	459.758246069127	997.266451861737	1004	PINK1
467	ENSG00000159140	817.21084719946	661.672692280929	1313.80856343993	1237	SON
468	ENSG00000159176	542.833292221863	500.520317370101	891.399524912508	823	CSRP1
469	ENSG00000159335	643.504193688463	766.895713546235	1397.44343572982	1433	PTMS
470	ENSG00000159399	926.764475266054	932.787864189734	434.054400491839	466	HK2
471	ENSG00000159720	143.110595222128	148.828958005882	267.843325181549	318	ATP6V0D1
472	ENSG00000160211	1831.81561884323	1190.63166404706	3798.50533893833	4113	G6PD
473	ENSG00000160445	106.59271919993	89.1077837742226	215.968530976427	350	ZER1
474	ENSG00000160685	75.0096912888393	189.591029306857	300.66207253581	537	ZBTB7B
475	ENSG00000160752	588.233894844055	483.457124732484	290.075379840887	281	FDPS
476	ENSG00000160886	127.319081266582	136.505541100937	25.4080624678149	32	LY6K
477	ENSG00000161533	185.550288977655	212.341952823679	502.867903008837	524	ACOX1
478	ENSG00000161800	801.419333243914	628.494262152229	322.894127195148	358	RACGAP1
479	ENSG00000162244	4207.45149953055	3855.33358095493	2863.70037397664	2824	RPL29
480	ENSG00000162458	143.110595222128	227.509235168228	46.5814478576607	72	FBLIM1
481	ENSG00000162511	101.657871088822	72.0445911366055	12.7040312339075	18	LAPTM5
482	ENSG00000162521	600.077530310714	623.754486419558	398.059645329101	339	RBBP4
483	ENSG00000162645	470.784509799689	467.341887241401	286.89937203241	233	GBP2
484	ENSG00000163249	29.6090886666471	35.0743404217685	150.331036267905	169	CCNYL1
485	ENSG00000163359	13496.80958388	12144.2533822507	9197.71861334901	8977	COL6A3
486	ENSG00000163513	1210.02475684364	1150.81754789262	2059.1117291625	1893	TGFBR2
487	ENSG00000163565	1513.02443086567	1510.09254842911	584.385436759744	583	IFI16
488	ENSG00000163568	100.6709014666	100.483245532634	24.3493931983227	16	AIM2
489	ENSG00000163625	114.488476177702	196.226715332597	236.083247096781	922	WDFY3
490	ENSG00000163902	1726.20986926553	1646.59808953005	1103.13337881097	1047	RPN1
491	ENSG00000163915	27.6351494222039	27.4906992494942	0	0	IGF2BP2-AS1
492	ENSG00000163918	252.664223288722	283.43858881375	112.218942566183	131	RFC4
493	ENSG00000164032	2136.7892321097	2068.4381297378	1467.31560751631	1310	H2AFZ
494	ENSG00000164039	153.967261066565	176.319657255377	41.2881015101993	49	BDH2
495	ENSG00000164068	164.823926911002	136.505541100937	278.430017876472	351	RNF123
496	ENSG00000164104	1384.71837997686	1451.31932934399	661.668293432681	524	HMGB2
497	ENSG00000164109	509.27632506633	530.854882059198	189.50179923912	247	MAD2L1
498	ENSG00000164125	235.885739710955	155.464644031622	40.229432240707	55	FAM198B
499	ENSG00000164163	1017.56568051044	1201.05917065894	569.564066986852	608	ABCE1
500	ENSG00000164220	321.752096844232	346.003628485013	158.800390423843	142	F2RL2
501	ENSG00000164251	186.537258599877	147.881002859348	44.4641093186762	35	F2RL1
502	ENSG00000164294	940.582049977156	805.76187455414	189.50179923912	228	GPX8
503	ENSG00000164308	948.477806954928	443.643008578044	215.968530976427	117	ERAP2
504	ENSG00000164323	451.045117355257	453.122560043387	272.078002259518	183	CFAP97
505	ENSG00000164342	180.615440866547	183.903298427651	17.9973775813689	9	TLR3
506	ENSG00000164418	3.94787848888628	17.0631926376171	89.9868879068446	57	GRIK2
507	ENSG00000164442	137.188777488798	202.862401358336	322.894127195148	556	CITED2
508	ENSG00000164466	822.145695310567	864.535093639266	389.590291173162	493	SFXN1
509	ENSG00000164506	226.016043488739	238.884696926639	530.393304015637	480	STXBP5
510	ENSG00000164587	4202.51665141944	3927.37817209153	2958.98060823095	2981	RPS14
511	ENSG00000164611	976.112956377132	850.315766441252	425.5850463359	407	PTTG1
512	ENSG00000164733	1191.27233402143	956.486742853091	1915.13270851155	1682	CTSB
513	ENSG00000164830	333.595732310891	292.918140279093	120.688296722121	129	OXR1
514	ENSG00000164938	22.7003013110961	17.0631926376171	80.458864481414	89	TP53INP1
515	ENSG00000165030	124.358172399918	103.327110972237	16.9387083118766	25	NFIL3
516	ENSG00000165272	836.950239643891	803.865964261072	2325.89638507456	2838	AQP3
517	ENSG00000165322	161.863018044337	152.620778592019	460.521132229146	263	ARHGAP12
518	ENSG00000165507	173.706653510996	171.579881522705	55.0508020135991	78	DEPP1
519	ENSG00000165732	1189.29839477699	1116.69116261738	783.415259424294	654	DDX21
520	ENSG00000165868	10.8566658444373	10.4275066118771	78.3415259424294	67	HSPA12A
521	ENSG00000165929	11.8436354666588	36.970250714837	0	0	TC2N
522	ENSG00000166106	52.3093899777432	63.5129948177969	201.147161203535	186	ADAMTS15
523	ENSG00000166135	268.455737244267	235.092876340502	522.982619129191	448	HIF1AN
524	ENSG00000166147	450.058147733036	496.728496783964	919.9835951888	1319	FBN1
525	ENSG00000166250	629.686618977361	619.962665833421	346.184851123979	238	CLMP
526	ENSG00000166451	361.230881733094	333.680211580067	173.621760196735	160	CENPN
527	ENSG00000166508	959.334472799366	908.141030379843	493.339879583407	489	MCM7
528	ENSG00000166598	6224.81740735144	5961.6899165541	3292.46142812102	3776	HSP90B1
529	ENSG00000166741	1383.73141035464	1184.94393316785	532.510642554622	568	NNMT
530	ENSG00000166825	3731.73214161975	3023.02896229783	8801.7763065589	8077	ANPEP
531	ENSG00000166851	431.305724910826	437.955277698839	246.669939791703	236	PLK1
532	ENSG00000166963	28.6221190444255	18.9591029306857	201.147161203535	171	MAP1A
533	ENSG00000166986	478.680266777461	1665.55719246073	283.723364223934	330	MARS
534	ENSG00000166987	91.788174866606	85.3159631880854	356.771543818902	174	MBD6
535	ENSG00000167080	155.941200311008	112.80666243758	37.0534244322301	43	B4GALNT2
536	ENSG00000167088	535.924504866312	430.371636526564	256.197963217134	267	SNRPD1
537	ENSG00000167193	174.693623133218	169.683971229637	410.763676563008	369	CRK
538	ENSG00000167325	990.917500710456	1183.99597802132	684.959017361511	565	RRM1
539	ENSG00000167468	345.439367777549	385.817744639453	737.892480836126	1032	GPX4
540	ENSG00000167552	396.761788133071	375.390238027576	977.151735741383	913	TUBA1A
541	ENSG00000167615	171.732714266553	197.174670479131	405.470330215547	346	LENG8
542	ENSG00000167658	11706.44668917	12138.5656513715	16584.0541065967	16715	EEF2
543	ENSG00000167779	171.732714266553	127.973944782128	423.467707796916	403	IGFBP6
544	ENSG00000167881	532.963595999648	455.96642548299	731.540465219172	1379	SRP68
545	ENSG00000167920	168.771805399888	136.505541100937	2.11733853898458	3	TMEM99
546	ENSG00000167930	292.143008177585	430.371636526564	1014.20516017361	693	FAM234A
547	ENSG00000167978	2017.36590782089	1954.68351215369	3138.95438404464	2925	SRRM2
548	ENSG00000167996	13104.982643858	16703.9176370806	30816.8037656511	38122	FTH1
549	ENSG00000168078	578.36419862184	557.397626162158	295.368726188349	233	PBK
550	ENSG00000168079	567.507532777403	544.126254110678	1238.64304530598	1286	SCARA5
551	ENSG00000168297	386.892091910855	395.297296104796	203.26449974252	199	PXK
552	ENSG00000168461	671.139343110667	748.884565762083	446.758431725746	386	RAB31
553	ENSG00000168542	2733.90585355375	2451.41200893765	805.647314083632	723	COL3A1
554	ENSG00000168685	117.449385044367	149.776913152417	28.5840702762918	19	IL7R
555	ENSG00000168734	267.468767622045	233.196966047434	105.866926949229	124	PKIG
556	ENSG00000168906	3131.65461130904	2968.04756379884	2027.35165107773	1814	MAT2A
557	ENSG00000169062	285.234220822034	224.665369728625	460.521132229146	478	UPF3A
558	ENSG00000169372	480.654206021904	485.353035025553	208.557846089981	269	CRADD
559	ENSG00000169607	246.742405555392	325.148615261259	141.861682111967	135	CKAP2L
560	ENSG00000169629	18.7524228222098	28.4386543960285	0	0	RGPD8
561	ENSG00000169660	65.1399950666236	63.5129948177969	171.504421657751	222	HEXDC
562	ENSG00000169679	631.660558221805	624.702441566092	399.118314598593	366	BUB1
563	ENSG00000169715	153.967261066565	172.527836669239	303.838080344287	355	MT1E
564	ENSG00000169738	182.58938011099	170.631926376171	589.678783107205	502	DCXR
565	ENSG00000169891	158.902109177673	126.07803448906	35.9947551627378	27	REPS2
566	ENSG00000169908	2148.63286757636	2358.5124045773	873.402147331139	828	TM4SF1
567	ENSG00000170004	1411.36655977684	4091.37441244196	211.733853898458	236	CHD3
568	ENSG00000170312	935.647201866048	799.1261885284	386.414283364686	369	CDK1
569	ENSG00000170515	1458.74110164348	1278.79149267475	906.2208946854	838	PA2G4
570	ENSG00000171234	48.3615114888569	49.2936676197827	8.46935415593832	7	UGT2B7
571	ENSG00000171368	7.89575697777256	16.1152374910828	62.4614869000451	81	TPPP
572	ENSG00000171603	534.937535244091	505.260093102773	905.162225415907	964	CLSTN1
573	ENSG00000171634	228.976952355404	291.970185132559	599.206806532636	497	BPTF
574	ENSG00000171724	111.527567311037	115.650527877182	290.075379840887	243	VAT1L
575	ENSG00000171863	3887.67334193076	3797.50831701634	2804.41489488507	2851	RPS7
576	ENSG00000172037	731.344490066183	847.471901001649	1552.0091490757	1445	LAMB2
577	ENSG00000172164	171.732714266553	170.631926376171	67.7548332475065	61	SNTB1
578	ENSG00000172292	125.345142022139	126.07803448906	295.368726188349	306	CERS6
579	ENSG00000172850	0	0	41.2881015101993	46	LSM2
580	ENSG00000172922	145.084534466571	110.910752144511	273.136671529011	606	RNASEH2C
581	ENSG00000172965	159.889078799894	111.858707291045	42.3467707796916	23	MIR4435-2HG
582	ENSG00000173442	198.380894066535	179.163522694979	806.705983353125	307	EHBP1L1
583	ENSG00000173546	384.918152666412	425.631860793893	797.177959927694	1048	CSPG4
584	ENSG00000173559	438.214512266377	427.527771086961	1152.8908344771	1139	NABP1
585	ENSG00000173597	1207.06384797698	1236.1335110807	584.385436759744	523	SULT1B1
586	ENSG00000173801	280.299372710926	372.546372587973	673.313655397096	1023	JUP
587	ENSG00000173918	748.12297364395	842.732125268977	221.261877323888	230	C1QTNF1
588	ENSG00000174231	425.383907177496	238.884696926639	813.057998970078	1122	PRPF8
589	ENSG00000174564	535.924504866312	468.289842387936	309.131426691749	237	IL20RB
590	ENSG00000174600	309.908461377573	277.750857934545	51.8747942051222	76	CMKLR1
591	ENSG00000174720	741.214186288399	254.051979271188	117.512288913644	171	LARP7
592	ENSG00000175063	227.003013110961	324.200660114725	120.688296722121	126	UBE2C
593	ENSG00000175130	46.3875722444138	60.6691293781941	137.627005033998	154	MARCKSL1
594	ENSG00000175166	889.259629621634	1157.45323391836	1618.70531305371	1614	PSMD2
595	ENSG00000175426	102.644840711043	60.6691293781941	14.8213697728921	18	PCSK1
596	ENSG00000175866	105.605749577708	119.44234846332	276.312679337488	246	BAIAP2
597	ENSG00000176046	159.889078799894	187.695119013788	8.46935415593832	11	NUPR1
598	ENSG00000176171	654.360859532901	832.3046186571	1200.53095160426	1259	BNIP3
599	ENSG00000176225	411.566332466394	362.118865976096	132.333658686536	113	RTTN
600	ENSG00000176658	109.553628066594	113.754617584114	533.569311824114	288	MYO1D
601	ENSG00000176903	102.644840711043	117.546438170251	238.200585635765	291	PNMA1
602	ENSG00000176973	40.4657545110843	44.5538918871113	116.453619644152	163	FAM89B
603	ENSG00000177469	1088.62749331039	1115.74320747085	1823.02848206572	2091	CAVIN1
604	ENSG00000177666	191.472106710984	189.591029306857	402.29432240707	814	PNPLA2
605	ENSG00000177885	410.579362844173	434.163457112701	808.823321892109	670	GRB2
606	ENSG00000178971	30.5960582888687	49.2936676197827	155.624382615367	204	CTC1
607	ENSG00000179104	29.6090886666471	25.5947889564256	96.3389035237983	111	TMTC2
608	ENSG00000179604	267.468767622045	274.906992494942	477.459840541023	657	CDC42EP4
609	ENSG00000179750	180.615440866547	182.007388134582	44.4641093186762	25	APOBEC3B
610	ENSG00000180229	97.7099925999354	25.5947889564256	285.840702762918	242	HERC2P3
611	ENSG00000180573	33.5569671555334	33.1784301286999	257.256632486626	261	HIST1H2AC
612	ENSG00000181019	1804.18046942103	1657.97355128846	6022.76947414163	5061	NQO1
613	ENSG00000181104	1528.81594482121	1559.38621604889	967.623712315953	860	F2R
614	ENSG00000181163	10325.6761876821	6581.65258238752	4338.4266663794	3931	NPM1
615	ENSG00000181458	464.862692066359	444.590963724579	253.021955408657	222	TMEM45A
616	ENSG00000182004	556.650866932965	546.970119550281	312.307434500225	343	SNRPE
617	ENSG00000182165	4.93484811110785	0	44.4641093186762	47	TP53TG1
618	ENSG00000182179	250.690284044279	258.791755003859	44.4641093186762	52	UBA7
619	ENSG00000182326	252.664223288722	242.676517512776	61.4028176305528	25	C1S
620	ENSG00000182551	358.26997286643	289.126319692956	716.71909544628	659	ADI1
621	ENSG00000182899	3201.72945448677	2814.47883006028	2209.44276543041	2048	RPL35A
622	ENSG00000183010	434.266633777491	525.167151179993	205.381838281504	213	PYCR1
623	ENSG00000183155	44.4136329999706	51.1895779128513	136.568335764505	135	RABIF
624	ENSG00000183458	0	0	27.5254010067995	216	AC138932.1
625	ENSG00000183864	200.354833310979	254.999934417722	410.763676563008	471	TOB2
626	ENSG00000183889	80.9315090221687	44.5538918871113	212.79252316795	283	PKD1P1
627	ENSG00000184216	830.04145228834	569.721043067104	333.480819890071	343	IRAK1
628	ENSG00000184445	453.0190565997	504.312137956238	153.507044076382	237	KNTC1
629	ENSG00000184575	1412.35352939907	1338.51266690641	853.287431210785	685	XPOT
630	ENSG00000184678	8.88272659999413	9.47955146534283	105.866926949229	117	HIST2H2BE
631	ENSG00000184840	1486.37625106568	1994.49762830813	584.385436759744	544	TMED9
632	ENSG00000185201	351.361185510879	376.33819317411	197.971153395058	166	IFITM2
633	ENSG00000185567	1217.92051382142	985.873352395654	2609.61974929849	2108	AHNAK2
634	ENSG00000185630	39.4787848888628	107.118931558374	402.29432240707	210	PBX1
635	ENSG00000185813	151.993321822122	169.683971229637	301.720741805303	319	PCYT2
636	ENSG00000185862	69.0878735555099	54.0334433524541	10.5866926949229	13	EVI2B
637	ENSG00000185885	520.132990910767	591.524011437392	137.627005033998	292	IFITM1
638	ENSG00000186020	14.8045443333235	18.0111477841514	133.392327956028	112	ZNF529
639	ENSG00000186174	8.88272659999413	11.3754617584114	221.261877323888	216	BCL9L
640	ENSG00000186191	51.3224203555216	65.4089051108655	2.11733853898458	5	BPIFB4
641	ENSG00000186204	17.7654531999883	22.7509235168228	128.098981608567	70	CYP4F12
642	ENSG00000186417	169.75877502211	163.996240350431	40.229432240707	46	GLDN
643	ENSG00000186468	4425.57178604152	4116.96920139839	3023.55943366998	2702	RPS23
644	ENSG00000186479	128.306050888804	40.7620713009741	14.8213697728921	11	RGS7BP
645	ENSG00000186594	0	3.79182058613713	67.7548332475065	46	MIR22HG
646	ENSG00000186834	132.25392937769	161.152374910828	566.388059178375	706	HEXIM1
647	ENSG00000186868	0	0	10.5866926949229	48	MAPT
648	ENSG00000186918	616.856013888481	556.449671015624	310.190095961241	379	ZNF395
649	ENSG00000187239	105.605749577708	81.5241426019483	275.254010067995	200	FNBP1
650	ENSG00000187837	43.4266633777491	35.0743404217685	196.912484125566	220	HIST1H1C
651	ENSG00000188015	155.941200311008	144.089182273211	55.0508020135991	55	S100A3
652	ENSG00000188153	659.295707644008	681.579750358149	1433.43819089256	1440	COL4A5
653	ENSG00000188157	268.455737244267	332.732256433533	615.08684557502	1564	AGRN
654	ENSG00000188229	917.88174866606	940.371505362008	1393.20875865185	1819	TUBB4B
655	ENSG00000188313	448.084208488593	486.300990172087	182.091114352674	160	PLSCR1
656	ENSG00000188610	115.475445799924	265.427441029599	32.818747354261	47	FAM72B
657	ENSG00000188739	273.390585355375	293.866095425628	142.920351381459	109	RBM34
658	ENSG00000188976	815.236907955016	872.11873481154	422.409038527423	535	NOC2L
659	ENSG00000189060	1006.709014666	1038.01088545504	2122.63188533204	2272	H1F0
660	ENSG00000189190	32.5699975333118	43.605936740577	1.05866926949229	3	ZNF600
661	ENSG00000189241	315.830279110902	280.594723374148	492.281210313915	559	TSPYL1
662	ENSG00000189362	134.227868622133	97.6393800930311	33.8774166237533	20	NEMP2
663	ENSG00000189403	5625.72684666295	5340.77929557415	3265.99469638371	2898	HMGB1
664	ENSG00000196083	269.442706866488	346.951583631547	101.63224987126	130	IL1RAP
665	ENSG00000196091	583.299046732948	509.999868835444	890.340855643015	916	MYBPC1
666	ENSG00000196136	585.272985977391	471.133707827538	67.7548332475065	35	SERPINA3
667	ENSG00000196154	2478.28072139836	2057.06266797939	3930.83899762487	3569	S100A4
668	ENSG00000196177	106.59271919993	109.962796997977	235.024577827288	232	ACADSB
669	ENSG00000196230	4214.3602868861	3537.76860686594	2426.46996567633	2007	TUBB
670	ENSG00000196405	301.025734777579	262.583575589996	133.392327956028	108	EVL
671	ENSG00000196504	425.383907177496	410.464578449344	206.440507550996	209	PRPF40A
672	ENSG00000196531	3820.5594076197	2531.98819639307	1978.65286468109	1630	NACA
673	ENSG00000196535	459.927843955251	452.174604896853	758.007196956479	934	MYO18A
674	ENSG00000196754	477.69329715524	372.546372587973	181.032445083181	209	S100A2
675	ENSG00000196924	8755.40751872754	6036.57837313031	16548.059351434	13773	FLNA
676	ENSG00000196950	688.904796310656	852.21167673432	350.419528201948	432	SLC39A10
677	ENSG00000196954	628.69964935514	638.921768764106	238.200585635765	193	CASP4
678	ENSG00000197142	874.455085288311	623.754486419558	268.901994451042	190	ACSL5
679	ENSG00000197150	110.540597688816	80.576187455414	206.440507550996	258	ABCB8
680	ENSG00000197256	296.090886666471	310.929288063245	524.041288398683	490	KANK2
681	ENSG00000197381	139.162716733241	99.5352903860997	386.414283364686	294	ADARB1
682	ENSG00000197498	330.634823444226	284.386543960285	142.920351381459	157	RPF2
683	ENSG00000197565	712.592067243973	711.914315047246	1339.21662590775	1248	COL4A6
684	ENSG00000197746	3472.15913097548	3365.2407701967	6413.41843458429	6279	PSAP
685	ENSG00000197747	1110.34082499927	1129.96253466886	2030.52765888621	1867	S100A10
686	ENSG00000197774	43.4266633777491	38.8661610079056	164.093736771305	236	EME2
687	ENSG00000197956	6963.07068477317	6110.51887455999	11480.2095583744	11269	S100A6
688	ENSG00000198121	79.9445393999471	58.7732190851255	6.35201561695374	13	LPAR1
689	ENSG00000198157	498.419659221893	426.579815940427	232.907239288304	193	HMGN5
690	ENSG00000198162	262.533919510937	185.799208720719	489.105202505438	459	MAN1A2
691	ENSG00000198189	284.247251199812	245.520382952379	137.627005033998	94	HSD17B11
692	ENSG00000198408	762.927517977273	523.271240886924	1525.54241733839	1038	OGA
693	ENSG00000198431	3973.53969906404	3968.14024339251	8187.74813025337	6756	TXNRD1
694	ENSG00000198612	746.149034399507	721.393866512589	425.5850463359	457	COPS8
695	ENSG00000198722	75.0096912888393	46.4498021801798	160.917728962828	174	UNC13B
696	ENSG00000198752	400.709666621957	358.327045389959	701.897725673388	694	CDC42BPB
697	ENSG00000198901	1195.22021251032	962.174473732297	395.942306790116	379	PRC1
698	ENSG00000203705	113.501506555481	102.379155825703	28.5840702762918	38	TATDN3
699	ENSG00000203879	588.233894844055	630.390172445298	1014.20516017361	969	GDI1
700	ENSG00000203926	190.485137088763	167.788060936568	407.587668754531	313	SPANXA2
701	ENSG00000204256	253.651192910943	401.932982130536	1156.06684228558	788	BRD2
702	ENSG00000204304	39.4787848888628	217.081728556351	0	0	PBX2
703	ENSG00000204379	1354.12232168799	712.862270193781	278.430017876472	451	XAGE1A
704	ENSG00000204394	47.3745418666353	194.330805039528	0	0	VARS
705	ENSG00000204463	0	4.73977573267141	19.0560468508612	151	BAG6
706	ENSG00000205302	612.908135399595	620.910620979955	237.141916366273	322	SNX2
707	ENSG00000205403	91.788174866606	76.7843668692769	10.5866926949229	0	CFI
708	ENSG00000205420	74.0227216666177	63.5129948177969	3.17600780847687	5	KRT6A
709	ENSG00000205572	0	0	62.4614869000451	31	SERF1B
710	ENSG00000205755	79.9445393999471	78.6802771623455	10.5866926949229	11	CRLF2
711	ENSG00000206073	423.409967933053	397.193206397864	10.5866926949229	3	SERPINB4
712	ENSG00000206195	46.3875722444138	63.5129948177969	138.68567430349	182	DUXAP8
713	ENSG00000206315	28.6221190444255	21.8029683702885	0	0	PBX2
714	ENSG00000206376	177.654531999883	122.286213902922	0	0	EHMT2
715	ENSG00000206567	16.7784835777667	13.27137205148	75.1655181339525	64	AC022007.1
716	ENSG00000211448	1872.28137335432	1507.24868298951	101.63224987126	122	DIO2
717	ENSG00000213390	278.325433466483	193.382849892994	97.3975727932906	91	ARHGAP19
718	ENSG00000213424	36.5178760221981	44.5538918871113	2.11733853898458	3	KRT222
719	ENSG00000213626	54.2833292221863	63.5129948177969	10.5866926949229	11	LBH
720	ENSG00000213977	125.345142022139	120.390303609854	295.368726188349	335	TAX1BP3
721	ENSG00000213983	289.18209931092	270.167216762271	486.987863966453	487	AP1G2
722	ENSG00000214078	361.230881733094	400.985026984002	655.316277815727	662	CPNE1
723	ENSG00000214176	65.1399950666236	36.0222955683027	155.624382615367	178	PLEKHM1P1
724	ENSG00000214485	389.85300077752	98.5873352395654	0	0	RPL7P1
725	ENSG00000214655	187.524228222098	156.412599178157	656.374947085219	415	ZSWIM8
726	ENSG00000215190	225.029073866518	270.167216762271	15.8800390423843	13	LINC00680
727	ENSG00000215252	207.26362066653	314.721108649382	471.107824924069	622	GOLGA8B
728	ENSG00000219481	129.293020511026	184.851253574185	488.046533235945	340	NBPF1
729	ENSG00000220323	39.4787848888628	33.1784301286999	80.458864481414	200	HIST2H2BD
730	ENSG00000221963	525.067839021875	547.918074696815	212.79252316795	164	APOL6
731	ENSG00000224313	84.879387511055	36.970250714837	0	0	DXO
732	ENSG00000224596	74.0227216666177	74.8884565762083	10.5866926949229	14	ZMIZ1-AS1
733	ENSG00000224687	0	1.89591029306857	4.23467707796916	99	RASAL2-AS1
734	ENSG00000225138	120.410293911031	204.758311651405	363.123559435855	805	SLC9A3-AS1
735	ENSG00000225151	178.641501622104	199.070580772199	386.414283364686	566	GOLGA2P7
736	ENSG00000225859	187.524228222098	252.156068978119	538.862658171575	609	DDX39B
737	ENSG00000225987	0	0	24.3493931983227	21	PBX2
738	ENSG00000226103	68.1009039332883	65.4089051108655	0	0	C6orf47
739	ENSG00000226752	80.9315090221687	53.0854882059198	394.883637520624	171	CUTALP
740	ENSG00000227028	1.97393924444314	1.89591029306857	48.6987863966453	27	SLC8A1-AS1
741	ENSG00000227460	3.94787848888628	23.6988786633571	250.904616869673	183	SYNGAP1
742	ENSG00000227746	265.494828377602	170.631926376171	0	0	C4A
743	ENSG00000228163	146.071504088792	75.8364117227426	13.7627005033998	29	HLA-DPA1
744	ENSG00000229117	7868.12182835035	7793.13925965834	5908.43319303647	5842	RPL41
745	ENSG00000229314	45.4006026221922	38.8661610079056	0	4	ORM1
746	ENSG00000229861	182.58938011099	323.25270496819	75.1655181339525	61	MRPS18B
747	ENSG00000230624	350.374215888657	310.929288063245	743.185827183587	574	DDX39B
748	ENSG00000230961	24.6742405555392	14.2193271980142	0	0	MSH5
749	ENSG00000231617	29.6090886666471	33.1784301286999	101.63224987126	101	DAXX
750	ENSG00000231631	119.42332428881	68.2527705504683	0	0	PSMB8
751	ENSG00000232445	14.8045443333235	21.8029683702885	0	0	AC006329.1
752	ENSG00000232691	0	0	22.2320546593381	65	ZNRD1ASP
753	ENSG00000232774	226.016043488739	224.665369728625	81.5175337509063	81	FLJ22447
754	ENSG00000232804	0	0	319.718119386671	0	HSPA1B
755	ENSG00000234851	1368.92686602132	1138.49413098767	833.172715090432	691	RPL23AP42
756	ENSG00000235067	3810.68971139748	3656.26300018273	2171.33067172869	2280	TUBB
757	ENSG00000235109	250.690284044279	214.237863116748	557.918705022436	436	ZSCAN31
758	ENSG00000235360	0	0	68.8135025169988	45	C6orf47
759	ENSG00000235703	7.89575697777256	6.63568602573998	92.1042264458292	37	LINC00894
760	ENSG00000235715	228.976952355404	272.063127055339	91.0455571763369	131	PSMB8
761	ENSG00000235720	16.7784835777667	25.5947889564256	0	0	GABPAP
762	ENSG00000236515	0	0	25.4080624678149	55	ZBTB9
763	ENSG00000237352	68.1009039332883	93.847559506894	0	0	LINC01358
764	ENSG00000237599	56.2572684666295	24.6468338098913	0	0	TAP2
765	ENSG00000237649	290.169068933141	234.144921193968	111.16027329669	102	KIFC1
766	ENSG00000237945	526.054808644097	125.130079342525	86.8108800983677	45	LINC00649
767	ENSG00000239672	955.386594310479	823.773022338292	553.684027944467	459	NME1
768	ENSG00000239697	72.0487824221746	45.5018470336456	6.35201561695374	10	TNFSF12
769	ENSG00000240184	100.6709014666	108.066886704908	33.8774166237533	21	PCDHGC3
770	ENSG00000242265	1395.5750458213	1333.77289117374	12762.2580437295	11078	PEG10
771	ENSG00000242335	122.384233155475	127.025989635594	17.9973775813689	16	CFB
772	ENSG00000242732	21.7133316888745	27.4906992494942	92.1042264458292	100	RTL5
773	ENSG00000244122	113.501506555481	136.505541100937	38.1120937017224	10	UGT1A7
774	ENSG00000244242	16.7784835777667	10.4275066118771	53.9921327441068	163	IFITM10
775	ENSG00000244509	297.077856288692	263.531530736531	101.63224987126	61	APOBEC3C
776	ENSG00000244754	84.879387511055	96.6914249464968	722.012441793741	654	N4BP2L2
777	ENSG00000245017	45.4006026221922	11.3754617584114	0	0	LINC02453
778	ENSG00000247774	12.8306050888804	36.0222955683027	0	0	PCED1B-AS1
779	ENSG00000248187	73.0357520443961	76.7843668692769	10.5866926949229	14	AC078850.1
780	ENSG00000249790	9.8696962222157	7.58364117227426	118.570958183136	102	AC092490.1
781	ENSG00000250320	1.97393924444314	0.947955146534283	30.7014088152764	28	AC113383.1
782	ENSG00000250644	81.9184786443903	139.34940654054	233.965908557796	353	AC068580.4
783	ENSG00000250802	115.475445799924	118.494393316785	27.5254010067995	46	ZBED3-AS1
784	ENSG00000251562	1533.75079293232	1279.73944782128	3652.4089797484	1914	MALAT1
785	ENSG00000253366	0	0	38.1120937017224	10	AC139272.1
786	ENSG00000253368	62.1790861999589	74.8884565762083	265.725986642565	305	TRNP1
787	ENSG00000254166	2227.59043735408	2329.12579503473	223.379215862873	172	CASC19
788	ENSG00000254986	153.967261066565	164.944195496965	493.339879583407	505	DPP3
789	ENSG00000256671	56.2572684666295	88.1598286276883	13.7627005033998	9	LIMS4
790	ENSG00000257207	18.7524228222098	17.0631926376171	0	0	AC112229.3
791	ENSG00000258947	614.882074644038	564.981267334432	1121.13075639233	1529	TUBB3
792	ENSG00000259207	160.876048422116	103.327110972237	321.835457925656	281	ITGB3
793	ENSG00000260075	0	0	71.9895103254757	50	NSFP1
794	ENSG00000260097	0	0	10.5866926949229	27	SPDYE6
795	ENSG00000260537	33.5569671555334	63.5129948177969	0	0	AC012184.2
796	ENSG00000260604	603.038439177379	564.981267334432	230.789900749319	207	AL590004.3
797	ENSG00000261716	63.1660558221805	82.4720977484826	237.141916366273	216	HIST2H2BC
798	ENSG00000263155	35.5309063999765	53.0854882059198	123.864304530598	166	MYZAP
799	ENSG00000264364	286.221190444255	281.542678520682	470.049155654577	477	DYNLL2
800	ENSG00000264920	4.93484811110785	4.73977573267141	67.7548332475065	40	AC018521.5
801	ENSG00000265681	5078.9456759522	5170.14736919798	3715.92913591794	3488	RPL17
802	ENSG00000265992	71.061812799953	51.1895779128513	172.563090927243	144	ESRG
803	ENSG00000266173	130.279990133247	130.817810221731	269.960663720534	267	STRADA
804	ENSG00000269693	0	0	25.4080624678149	32	AC010422.6
805	ENSG00000269713	358.26997286643	420.892085061221	627.790876808928	651	NBPF9
806	ENSG00000269968	1312.66959755469	2011.56082094575	3564.53943038054	4683	AC006064.4
807	ENSG00000270276	32.5699975333118	25.5947889564256	280.547356415457	314	HIST2H4B
808	ENSG00000271254	128.306050888804	94.7955146534283	296.427395457841	248	AC240274.1
809	ENSG00000271605	47.3745418666353	49.2936676197827	7.41068488644603	8	MILR1
810	ENSG00000272693	0.98696962222157	0.947955146534283	45.5227785881684	43	AC073107.1
811	ENSG00000273594	531.976626377426	710.018404754178	1012.08782163463	1164	EEF1D
812	ENSG00000273711	0.98696962222157	0.947955146534283	473.225163463053	3	AC005520.5
813	ENSG00000273772	287.208160066477	342.211807898876	128.098981608567	165	SMN2
814	ENSG00000273833	0	0	27.5254010067995	51	AC012314.3
815	ENSG00000273859	24.6742405555392	41.7100264475084	0	0	RASSF7
816	ENSG00000273873	44.4136329999706	85.3159631880854	317.600780847687	414	BDP1
817	ENSG00000274276	35.5309063999765	61.6170845247284	5.29334634746145	4	CBSL
818	ENSG00000274305	229.963921977626	267.323351322668	514.513264973253	771	LENG8
819	ENSG00000274487	5.92181773332942	0	55.0508020135991	103	AC244154.1
820	ENSG00000274950	489.536932621898	390.557520372124	128.098981608567	26	RPS9
821	ENSG00000275035	0	3.79182058613713	26.4667317373072	122	CCDC92
822	ENSG00000275079	514.211173177438	452.174604896853	299.603403266318	232	LPCAT1
823	ENSG00000275216	90.8012052443844	101.431200679168	262.549978834088	236	AL161431.1
824	ENSG00000275338	70.0748431777314	77.7323220158112	211.733853898458	169	RAB11FIP3
825	ENSG00000276550	174.693623133218	172.527836669239	561.094712830913	482	HERC2P2
826	ENSG00000276561	0	2.84386543960285	30.7014088152764	46	IRF7
827	ENSG00000277086	9.8696962222157	0	384.296944825701	319	MTMR10
828	ENSG00000277104	0	0	62.4614869000451	8	TADA2A
829	ENSG00000277203	106.59271919993	112.80666243758	246.669939791703	238	F8A1
830	ENSG00000277429	112.514536933259	132.7137205148	4.23467707796916	25	SERF1B
831	ENSG00000277600	11.8436354666588	0	89.9868879068446	89	CNOT3
832	ENSG00000278550	21.7133316888745	14.2193271980142	135.509666495013	69	SLC43A2
833	ENSG00000278828	18.7524228222098	29.3866095425628	100.573580601767	84	HIST1H3H
834	ENSG00000281398	348.400276644214	347.899538778082	189.50179923912	130	SNHG4
835	ENSG00000281931	39.4787848888628	60.6691293781941	0	0	SCG5
836	ENSG00000282810	25.6612101777608	10.4275066118771	99.5149113322752	88	MIR210HG
837	ENSG00000282825	132.25392937769	102.379155825703	272.078002259518	502	CTIF
838	ENSG00000282895	80.9315090221687	73.940501429674	19.0560468508612	22	RINL
839	ENSG00000282899	56.2572684666295	43.605936740577	6.35201561695374	8	E2F2
840	ENSG00000283239	27.6351494222039	47.3977573267141	0	0	KBTBD11-OT1
841	ENSG00000283918	148.045443333235	131.765765368265	301.720741805303	327	MRNIP
842	ENSG00000284099	524.080869399653	780.167085597715	2282.49094502538	2545	AC008393.2
843	ENSG00000284320	57.244238088851	78.6802771623455	0	0	AC127537.3
844	ENSG00000284832	302.0127043998	406.672757863207	849.052754132816	1130	POLR2A
845	ENSG00000284946	258.586041022051	197.174670479131	109.042934757706	96	AC068831.7
846	ENSG00000285485	89.8142356221628	69.2007256970026	17.9973775813689	11	NFATC4
847	ENSG00000285816	0	0	100.573580601767	102	AP000944.2
